"","event","trial","time","participant"
"1","focus",0,263,"A10JXOU89D5RXR"
"2","fullscreenenter",2,14611,"A10JXOU89D5RXR"
"3","blur",0,716,"A1CFMY4CEYOM8Y"
"4","focus",1,10472,"A1CFMY4CEYOM8Y"
"5","fullscreenenter",2,16203,"A1CFMY4CEYOM8Y"
"6","fullscreenenter",2,9348,"A1F9KLZGHE9DTA"
"7","focus",1,1742,"A1JJYY622DGE5L"
"8","fullscreenenter",2,6263,"A1JJYY622DGE5L"
"9","blur",1,7814,"A1WH32GYQOHIRQ"
"10","focus",1,39083,"A1WH32GYQOHIRQ"
"11","fullscreenenter",2,44396,"A1WH32GYQOHIRQ"
"12","fullscreenexit",14,237700,"A1WH32GYQOHIRQ"
"13","blur",14,239600,"A1WH32GYQOHIRQ"
"14","focus",14,241687,"A1WH32GYQOHIRQ"
"15","blur",20,414954,"A1WH32GYQOHIRQ"
"16","focus",20,441515,"A1WH32GYQOHIRQ"
"17","blur",36,755001,"A1WH32GYQOHIRQ"
"18","focus",36,783260,"A1WH32GYQOHIRQ"
"19","blur",115,1347660,"A1WH32GYQOHIRQ"
"20","focus",115,1352334,"A1WH32GYQOHIRQ"
"21","blur",136,1420395,"A1WH32GYQOHIRQ"
"22","focus",136,1504245,"A1WH32GYQOHIRQ"
"23","blur",725,2561061,"A1WH32GYQOHIRQ"
"24","focus",725,2567875,"A1WH32GYQOHIRQ"
"25","blur",725,2580545,"A1WH32GYQOHIRQ"
"26","focus",725,2940226,"A1WH32GYQOHIRQ"
"27","focus",1,12033,"A2PUL3ZDXOW0VZ"
"28","fullscreenenter",2,60068,"A2PUL3ZDXOW0VZ"
"29","blur",872,2940193,"A2PUL3ZDXOW0VZ"
"30","focus",872,2989227,"A2PUL3ZDXOW0VZ"
"31","focus",0,68,"A2SKY4RRWII0BF"
"32","blur",0,1043,"A2SKY4RRWII0BF"
"33","focus",0,1870,"A2SKY4RRWII0BF"
"34","blur",0,4524,"A2SKY4RRWII0BF"
"35","focus",1,7355,"A2SKY4RRWII0BF"
"36","blur",2,72854,"A2SKY4RRWII0BF"
"37","focus",2,72903,"A2SKY4RRWII0BF"
"38","fullscreenenter",2,73054,"A2SKY4RRWII0BF"
"39","blur",406,479492,"A2SKY4RRWII0BF"
"40","focus",406,520097,"A2SKY4RRWII0BF"
"41","blur",608,723209,"A2SKY4RRWII0BF"
"42","focus",608,728058,"A2SKY4RRWII0BF"
"43","blur",1077,2070451,"A2SKY4RRWII0BF"
"44","focus",1077,2095342,"A2SKY4RRWII0BF"
"45","fullscreenenter",2,15769,"AJF954955YWZG"
"46","focus",1,9391,"AMNUNZ65OSTFO"
"47","blur",1,9396,"AMNUNZ65OSTFO"
"48","focus",1,29376,"AMNUNZ65OSTFO"
"49","fullscreenenter",2,37129,"AMNUNZ65OSTFO"
"50","fullscreenenter",2,7879,"A15T9HDPHV3X7Q"
"51","focus",0,7711,"A1BM57TUNAQIXM"
"52","blur",1,8876,"A1BM57TUNAQIXM"
"53","focus",1,11873,"A1BM57TUNAQIXM"
"54","blur",1,18798,"A1BM57TUNAQIXM"
"55","focus",1,411935,"A1BM57TUNAQIXM"
"56","fullscreenenter",2,414534,"A1BM57TUNAQIXM"
"57","blur",671,1914983,"A1BM57TUNAQIXM"
"58","focus",671,1923825,"A1BM57TUNAQIXM"
"59","blur",1,17299,"A1DUPOUC9RNU4L"
"60","focus",1,295811,"A1DUPOUC9RNU4L"
"61","blur",1,297388,"A1DUPOUC9RNU4L"
"62","focus",1,1013883,"A1DUPOUC9RNU4L"
"63","fullscreenenter",2,1241492,"A1DUPOUC9RNU4L"
"64","fullscreenexit",1247,5018955,"A1DUPOUC9RNU4L"
"65","blur",1247,5021629,"A1DUPOUC9RNU4L"
"66","focus",1247,5222331,"A1DUPOUC9RNU4L"
"67","blur",0,728,"A1M64R8HPYNNZA"
"68","focus",1,7246,"A1M64R8HPYNNZA"
"69","blur",2,215390,"A1M64R8HPYNNZA"
"70","focus",2,240807,"A1M64R8HPYNNZA"
"71","fullscreenenter",2,243726,"A1M64R8HPYNNZA"
"72","fullscreenexit",239,973727,"A1M64R8HPYNNZA"
"73","blur",239,975589,"A1M64R8HPYNNZA"
"74","focus",239,1000872,"A1M64R8HPYNNZA"
"75","blur",239,1002542,"A1M64R8HPYNNZA"
"76","focus",239,1045922,"A1M64R8HPYNNZA"
"77","blur",813,1562055,"A1M64R8HPYNNZA"
"78","focus",813,1564712,"A1M64R8HPYNNZA"
"79","blur",918,1967602,"A1M64R8HPYNNZA"
"80","focus",918,2052356,"A1M64R8HPYNNZA"
"81","blur",970,2211944,"A1M64R8HPYNNZA"
"82","focus",970,2221193,"A1M64R8HPYNNZA"
"83","blur",1054,2516467,"A1M64R8HPYNNZA"
"84","focus",1054,2530157,"A1M64R8HPYNNZA"
"85","blur",1077,2887791,"A1M64R8HPYNNZA"
"86","focus",1077,2894406,"A1M64R8HPYNNZA"
"87","blur",1126,3568279,"A1M64R8HPYNNZA"
"88","focus",1126,3570824,"A1M64R8HPYNNZA"
"89","blur",1129,3615852,"A1M64R8HPYNNZA"
"90","focus",1130,3619040,"A1M64R8HPYNNZA"
"91","blur",1308,4008394,"A1M64R8HPYNNZA"
"92","focus",1308,4010293,"A1M64R8HPYNNZA"
"93","focus",0,1336,"A1O4Q0QVPVBF8M"
"94","fullscreenenter",2,20970,"A1O4Q0QVPVBF8M"
"95","blur",322,1691882,"A1O4Q0QVPVBF8M"
"96","focus",322,1693544,"A1O4Q0QVPVBF8M"
"97","focus",1,24287,"A26UIS59SY4NM6"
"98","fullscreenenter",2,26986,"A26UIS59SY4NM6"
"99","fullscreenexit",3,49926,"A26UIS59SY4NM6"
"100","blur",3,53321,"A26UIS59SY4NM6"
"101","focus",3,78425,"A26UIS59SY4NM6"
"102","blur",409,777719,"A26UIS59SY4NM6"
"103","focus",409,788903,"A26UIS59SY4NM6"
"104","blur",417,822307,"A26UIS59SY4NM6"
"105","focus",418,824496,"A26UIS59SY4NM6"
"106","blur",462,958967,"A26UIS59SY4NM6"
"107","focus",462,979001,"A26UIS59SY4NM6"
"108","blur",505,1514804,"A26UIS59SY4NM6"
"109","focus",505,1526970,"A26UIS59SY4NM6"
"110","blur",512,1611876,"A26UIS59SY4NM6"
"111","focus",513,1619566,"A26UIS59SY4NM6"
"112","fullscreenenter",2,24146,"A2H2LO1OOF8R5N"
"113","fullscreenenter",2,35996,"A2MOKIEQZ0OF2M"
"114","fullscreenenter",2,27839,"A2WDF40FA670T9"
"115","fullscreenenter",2,31169,"A2WJMGV0HKQG3Z"
"116","fullscreenenter",2,16688,"A2YB18JHC2C7GF"
"117","blur",1,3962,"A304UJAE051J89"
"118","focus",1,21097,"A304UJAE051J89"
"119","blur",1,21732,"A304UJAE051J89"
"120","focus",1,51874,"A304UJAE051J89"
"121","blur",2,56864,"A304UJAE051J89"
"122","focus",2,154191,"A304UJAE051J89"
"123","blur",2,154738,"A304UJAE051J89"
"124","focus",2,256856,"A304UJAE051J89"
"125","blur",2,257891,"A304UJAE051J89"
"126","focus",2,283210,"A304UJAE051J89"
"127","blur",2,283843,"A304UJAE051J89"
"128","focus",2,295877,"A304UJAE051J89"
"129","blur",2,296478,"A304UJAE051J89"
"130","focus",2,416199,"A304UJAE051J89"
"131","blur",2,417385,"A304UJAE051J89"
"132","focus",2,767626,"A304UJAE051J89"
"133","blur",2,768280,"A304UJAE051J89"
"134","focus",2,771928,"A304UJAE051J89"
"135","fullscreenenter",2,773051,"A304UJAE051J89"
"136","blur",2,23758,"A3F90N8YVKJ4I7"
"137","focus",2,585677,"A3F90N8YVKJ4I7"
"138","fullscreenenter",2,585785,"A3F90N8YVKJ4I7"
"139","blur",4,622747,"A3F90N8YVKJ4I7"
"140","focus",4,629612,"A3F90N8YVKJ4I7"
"141","blur",379,896401,"A3F90N8YVKJ4I7"
"142","focus",379,901646,"A3F90N8YVKJ4I7"
"143","blur",406,930703,"A3F90N8YVKJ4I7"
"144","focus",406,952444,"A3F90N8YVKJ4I7"
"145","blur",831,1445984,"A3F90N8YVKJ4I7"
"146","focus",832,1454781,"A3F90N8YVKJ4I7"
"147","blur",832,1466486,"A3F90N8YVKJ4I7"
"148","focus",832,1477107,"A3F90N8YVKJ4I7"
"149","blur",1,7352,"A3FNC8ELMK8YJA"
"150","focus",1,448359,"A3FNC8ELMK8YJA"
"151","fullscreenenter",2,453836,"A3FNC8ELMK8YJA"
"152","fullscreenexit",36,1165758,"A3FNC8ELMK8YJA"
"153","blur",36,1170779,"A3FNC8ELMK8YJA"
"154","focus",36,1583605,"A3FNC8ELMK8YJA"
"155","blur",54,1965771,"A3FNC8ELMK8YJA"
"156","focus",54,2088288,"A3FNC8ELMK8YJA"
"157","blur",136,2417217,"A3FNC8ELMK8YJA"
"158","focus",136,2591860,"A3FNC8ELMK8YJA"
"159","blur",167,2680866,"A3FNC8ELMK8YJA"
"160","focus",167,2689184,"A3FNC8ELMK8YJA"
"161","blur",240,2928649,"A3FNC8ELMK8YJA"
"162","focus",240,3029843,"A3FNC8ELMK8YJA"
"163","blur",240,3034316,"A3FNC8ELMK8YJA"
"164","focus",240,3338493,"A3FNC8ELMK8YJA"
"165","fullscreenenter",2,10960,"A3KVKK1XLBTSN3"
"166","fullscreenexit",523,2118939,"A3KVKK1XLBTSN3"
"167","fullscreenenter",2,9942,"A3SS0C4IVTSIFL"
"168","fullscreenenter",2,6716,"A5P12YJP805RG"
"169","fullscreenexit",1069,1346553,"A5P12YJP805RG"
"170","blur",1069,1347761,"A5P12YJP805RG"
"171","focus",1069,1349971,"A5P12YJP805RG"
"172","blur",1069,1374425,"A5P12YJP805RG"
"173","focus",1069,1375614,"A5P12YJP805RG"
"174","blur",1070,1399777,"A5P12YJP805RG"
"175","focus",1070,1403102,"A5P12YJP805RG"
"176","focus",0,2684,"A8C3WNWRBWUXO"
"177","fullscreenenter",2,18097,"A8C3WNWRBWUXO"
"178","focus",0,1,"ADY44EV3GCW85"
"179","fullscreenenter",2,29762,"ADY44EV3GCW85"
"180","blur",64,1379302,"ADY44EV3GCW85"
"181","focus",64,1382142,"ADY44EV3GCW85"
"182","blur",68,1395965,"ADY44EV3GCW85"
"183","focus",68,1396103,"ADY44EV3GCW85"
"184","focus",0,1121,"AFFXVHHBUWW4D"
"185","fullscreenenter",2,24935,"AFFXVHHBUWW4D"
"186","fullscreenexit",1040,1497240,"AFFXVHHBUWW4D"
"187","blur",1040,1498992,"AFFXVHHBUWW4D"
"188","focus",1040,1500482,"AFFXVHHBUWW4D"
"189","fullscreenenter",2,254714,"AKVDK30EEV08C"
"190","blur",167,1816944,"AKVDK30EEV08C"
"191","focus",167,1942867,"AKVDK30EEV08C"
"192","blur",0,6177,"AU34T9OMHN4Z4"
"193","focus",1,39796,"AU34T9OMHN4Z4"
"194","fullscreenenter",2,46715,"AU34T9OMHN4Z4"
"195","blur",205,227989,"AU34T9OMHN4Z4"
"196","focus",205,232562,"AU34T9OMHN4Z4"
"197","blur",406,374051,"AU34T9OMHN4Z4"
"198","focus",406,387231,"AU34T9OMHN4Z4"
"199","blur",407,397484,"AU34T9OMHN4Z4"
"200","focus",407,418370,"AU34T9OMHN4Z4"
"201","blur",608,551905,"AU34T9OMHN4Z4"
"202","focus",608,701365,"AU34T9OMHN4Z4"
"203","blur",809,836159,"AU34T9OMHN4Z4"
"204","focus",809,889647,"AU34T9OMHN4Z4"
"205","blur",866,1079059,"AU34T9OMHN4Z4"
"206","focus",866,1100060,"AU34T9OMHN4Z4"
"207","blur",970,1382923,"AU34T9OMHN4Z4"
"208","focus",970,1420234,"AU34T9OMHN4Z4"
"209","blur",1043,1612766,"AU34T9OMHN4Z4"
"210","focus",1043,1630825,"AU34T9OMHN4Z4"
"211","blur",1272,1963566,"AU34T9OMHN4Z4"
"212","focus",1272,1978752,"AU34T9OMHN4Z4"
"213","focus",0,432,"AURYD2FH3FUOQ"
"214","fullscreenenter",2,26417,"AURYD2FH3FUOQ"
"215","focus",0,6,"AKR9067Q09RZS"
"216","blur",1,52218,"AKR9067Q09RZS"
"217","focus",1,57556,"AKR9067Q09RZS"
"218","blur",0,853,"A1CB72B51L7TKE"
"219","focus",1,41650,"A1CB72B51L7TKE"
"220","fullscreenenter",2,43763,"A1CB72B51L7TKE"
"221","blur",267,2147197,"A1CB72B51L7TKE"
"222","focus",267,2147199,"A1CB72B51L7TKE"
"223","blur",471,2456972,"A1CB72B51L7TKE"
"224","focus",471,2462420,"A1CB72B51L7TKE"
"225","blur",472,2462957,"A1CB72B51L7TKE"
"226","focus",473,2479230,"A1CB72B51L7TKE"
"227","blur",474,2491130,"A1CB72B51L7TKE"
"228","focus",475,2503769,"A1CB72B51L7TKE"
"229","blur",476,2533472,"A1CB72B51L7TKE"
"230","focus",477,2548067,"A1CB72B51L7TKE"
"231","blur",478,2563097,"A1CB72B51L7TKE"
"232","focus",479,2573951,"A1CB72B51L7TKE"
"233","blur",479,2592668,"A1CB72B51L7TKE"
"234","focus",479,2595110,"A1CB72B51L7TKE"
"235","blur",480,2595657,"A1CB72B51L7TKE"
"236","focus",481,2610023,"A1CB72B51L7TKE"
"237","blur",481,2618778,"A1CB72B51L7TKE"
"238","focus",481,2621261,"A1CB72B51L7TKE"
"239","blur",482,2621917,"A1CB72B51L7TKE"
"240","focus",483,2636796,"A1CB72B51L7TKE"
"241","blur",483,2651837,"A1CB72B51L7TKE"
"242","focus",483,2656775,"A1CB72B51L7TKE"
"243","blur",484,2657499,"A1CB72B51L7TKE"
"244","focus",485,2671669,"A1CB72B51L7TKE"
"245","blur",485,2687894,"A1CB72B51L7TKE"
"246","focus",485,2697811,"A1CB72B51L7TKE"
"247","blur",486,2698310,"A1CB72B51L7TKE"
"248","focus",487,2712968,"A1CB72B51L7TKE"
"249","blur",487,2722900,"A1CB72B51L7TKE"
"250","focus",487,2725474,"A1CB72B51L7TKE"
"251","blur",488,2726423,"A1CB72B51L7TKE"
"252","focus",489,2741034,"A1CB72B51L7TKE"
"253","blur",489,2752151,"A1CB72B51L7TKE"
"254","focus",489,2765897,"A1CB72B51L7TKE"
"255","blur",490,2766536,"A1CB72B51L7TKE"
"256","focus",491,2781599,"A1CB72B51L7TKE"
"257","blur",492,2791549,"A1CB72B51L7TKE"
"258","focus",493,2806117,"A1CB72B51L7TKE"
"259","blur",494,2815787,"A1CB72B51L7TKE"
"260","focus",495,2829758,"A1CB72B51L7TKE"
"261","blur",495,2838795,"A1CB72B51L7TKE"
"262","focus",495,2841332,"A1CB72B51L7TKE"
"263","blur",506,2953216,"A1CB72B51L7TKE"
"264","focus",507,2963608,"A1CB72B51L7TKE"
"265","blur",508,2974455,"A1CB72B51L7TKE"
"266","focus",509,2987822,"A1CB72B51L7TKE"
"267","blur",510,3000264,"A1CB72B51L7TKE"
"268","focus",511,3014432,"A1CB72B51L7TKE"
"269","blur",512,3026344,"A1CB72B51L7TKE"
"270","focus",513,3039848,"A1CB72B51L7TKE"
"271","blur",514,3046512,"A1CB72B51L7TKE"
"272","focus",515,3060638,"A1CB72B51L7TKE"
"273","blur",516,3076004,"A1CB72B51L7TKE"
"274","focus",517,3089099,"A1CB72B51L7TKE"
"275","blur",518,3098040,"A1CB72B51L7TKE"
"276","focus",519,3111951,"A1CB72B51L7TKE"
"277","blur",519,3120099,"A1CB72B51L7TKE"
"278","focus",519,3127442,"A1CB72B51L7TKE"
"279","blur",1128,3623600,"A1CB72B51L7TKE"
"280","focus",1128,3624851,"A1CB72B51L7TKE"
"281","blur",1329,3769308,"A1CB72B51L7TKE"
"282","focus",1329,3780608,"A1CB72B51L7TKE"
"283","fullscreenenter",2,21371,"A1LRJ4U04532TM"
"284","fullscreenexit",205,199843,"A1LRJ4U04532TM"
"285","blur",205,204396,"A1LRJ4U04532TM"
"286","focus",205,218085,"A1LRJ4U04532TM"
"287","blur",1020,1101384,"A1LRJ4U04532TM"
"288","focus",1020,1104008,"A1LRJ4U04532TM"
"289","blur",1067,1773454,"A1LRJ4U04532TM"
"290","focus",1067,1773671,"A1LRJ4U04532TM"
"291","fullscreenenter",2,26287,"A1RKGN3VY39TM1"
"292","blur",0,269,"A26RO8GGTQAXGG"
"293","focus",0,396,"A26RO8GGTQAXGG"
"294","fullscreenenter",2,25317,"A26RO8GGTQAXGG"
"295","blur",0,2377,"A2PWUACCQI97J8"
"296","focus",0,3405,"A2PWUACCQI97J8"
"297","blur",0,6533,"A2PWUACCQI97J8"
"298","focus",1,15401,"A2PWUACCQI97J8"
"299","fullscreenenter",2,20815,"A2PWUACCQI97J8"
"300","fullscreenenter",2,20836,"A9LSEP71DNP4O"
"301","blur",1274,1449207,"A9LSEP71DNP4O"
"302","focus",1274,1457568,"A9LSEP71DNP4O"
"303","fullscreenenter",2,27230,"A337X6ZE9WIIU7"
"304","blur",1,35140,"A1KOBLL83SICGQ"
"305","focus",1,38278,"A1KOBLL83SICGQ"
"306","blur",1,39726,"A1KOBLL83SICGQ"
"307","focus",1,73650,"A1KOBLL83SICGQ"
"308","blur",1,97300,"A1KOBLL83SICGQ"
"309","focus",1,101931,"A1KOBLL83SICGQ"
"310","fullscreenenter",2,205936,"A1KOBLL83SICGQ"
"311","blur",926,7031723,"A1KOBLL83SICGQ"
"312","focus",926,8910869,"A1KOBLL83SICGQ"
"313","focus",1,34114,"A1PUSSRD8P5HHH"
"314","fullscreenenter",2,60209,"A1PUSSRD8P5HHH"
"315","fullscreenexit",3,64882,"A1PUSSRD8P5HHH"
"316","blur",0,3444,"A1Q56N80RJLQ7S"
"317","focus",1,10766,"A1Q56N80RJLQ7S"
"318","fullscreenenter",2,13581,"A1Q56N80RJLQ7S"
"319","blur",3,17477,"A1Q56N80RJLQ7S"
"320","focus",3,17477,"A1Q56N80RJLQ7S"
"321","fullscreenexit",11,74231,"A1Q56N80RJLQ7S"
"322","blur",11,74703,"A1Q56N80RJLQ7S"
"323","focus",12,84273,"A1Q56N80RJLQ7S"
"324","blur",13,89324,"A1Q56N80RJLQ7S"
"325","focus",14,102560,"A1Q56N80RJLQ7S"
"326","blur",15,107816,"A1Q56N80RJLQ7S"
"327","focus",16,120437,"A1Q56N80RJLQ7S"
"328","blur",17,127176,"A1Q56N80RJLQ7S"
"329","focus",18,140735,"A1Q56N80RJLQ7S"
"330","blur",19,146732,"A1Q56N80RJLQ7S"
"331","focus",19,152353,"A1Q56N80RJLQ7S"
"332","blur",19,152726,"A1Q56N80RJLQ7S"
"333","focus",20,159734,"A1Q56N80RJLQ7S"
"334","blur",21,168081,"A1Q56N80RJLQ7S"
"335","focus",21,178023,"A1Q56N80RJLQ7S"
"336","blur",21,178314,"A1Q56N80RJLQ7S"
"337","focus",21,178955,"A1Q56N80RJLQ7S"
"338","blur",21,179096,"A1Q56N80RJLQ7S"
"339","focus",22,180520,"A1Q56N80RJLQ7S"
"340","blur",23,185557,"A1Q56N80RJLQ7S"
"341","focus",23,186064,"A1Q56N80RJLQ7S"
"342","blur",23,186205,"A1Q56N80RJLQ7S"
"343","focus",23,189578,"A1Q56N80RJLQ7S"
"344","blur",23,189956,"A1Q56N80RJLQ7S"
"345","focus",23,192012,"A1Q56N80RJLQ7S"
"346","blur",23,192203,"A1Q56N80RJLQ7S"
"347","focus",24,199419,"A1Q56N80RJLQ7S"
"348","blur",25,206500,"A1Q56N80RJLQ7S"
"349","focus",25,209682,"A1Q56N80RJLQ7S"
"350","blur",25,210326,"A1Q56N80RJLQ7S"
"351","focus",26,220373,"A1Q56N80RJLQ7S"
"352","blur",27,225450,"A1Q56N80RJLQ7S"
"353","focus",27,226528,"A1Q56N80RJLQ7S"
"354","blur",27,226847,"A1Q56N80RJLQ7S"
"355","focus",27,235533,"A1Q56N80RJLQ7S"
"356","blur",27,235679,"A1Q56N80RJLQ7S"
"357","focus",27,237165,"A1Q56N80RJLQ7S"
"358","blur",27,237406,"A1Q56N80RJLQ7S"
"359","focus",27,237835,"A1Q56N80RJLQ7S"
"360","blur",29,245443,"A1Q56N80RJLQ7S"
"361","focus",29,248820,"A1Q56N80RJLQ7S"
"362","blur",29,249025,"A1Q56N80RJLQ7S"
"363","focus",30,259412,"A1Q56N80RJLQ7S"
"364","blur",31,264293,"A1Q56N80RJLQ7S"
"365","focus",32,277180,"A1Q56N80RJLQ7S"
"366","blur",33,285532,"A1Q56N80RJLQ7S"
"367","focus",34,299200,"A1Q56N80RJLQ7S"
"368","blur",35,303691,"A1Q56N80RJLQ7S"
"369","focus",36,316994,"A1Q56N80RJLQ7S"
"370","blur",37,322529,"A1Q56N80RJLQ7S"
"371","focus",38,335740,"A1Q56N80RJLQ7S"
"372","blur",39,340565,"A1Q56N80RJLQ7S"
"373","focus",40,354364,"A1Q56N80RJLQ7S"
"374","blur",41,359945,"A1Q56N80RJLQ7S"
"375","focus",41,369643,"A1Q56N80RJLQ7S"
"376","blur",43,377789,"A1Q56N80RJLQ7S"
"377","focus",44,390096,"A1Q56N80RJLQ7S"
"378","blur",45,395245,"A1Q56N80RJLQ7S"
"379","focus",46,408750,"A1Q56N80RJLQ7S"
"380","blur",47,414483,"A1Q56N80RJLQ7S"
"381","focus",48,427147,"A1Q56N80RJLQ7S"
"382","blur",49,433445,"A1Q56N80RJLQ7S"
"383","focus",50,446531,"A1Q56N80RJLQ7S"
"384","blur",51,452092,"A1Q56N80RJLQ7S"
"385","focus",52,465304,"A1Q56N80RJLQ7S"
"386","blur",53,471184,"A1Q56N80RJLQ7S"
"387","focus",54,484759,"A1Q56N80RJLQ7S"
"388","blur",55,489948,"A1Q56N80RJLQ7S"
"389","focus",56,502606,"A1Q56N80RJLQ7S"
"390","blur",57,509801,"A1Q56N80RJLQ7S"
"391","focus",57,521855,"A1Q56N80RJLQ7S"
"392","blur",59,531516,"A1Q56N80RJLQ7S"
"393","focus",59,551093,"A1Q56N80RJLQ7S"
"394","blur",285,812409,"A1Q56N80RJLQ7S"
"395","focus",285,813848,"A1Q56N80RJLQ7S"
"396","blur",1092,1570335,"A1Q56N80RJLQ7S"
"397","focus",1093,1571043,"A1Q56N80RJLQ7S"
"398","focus",0,1193,"A2615YW1YERQBO"
"399","blur",1,633527,"A2615YW1YERQBO"
"400","focus",1,667262,"A2615YW1YERQBO"
"401","blur",1,681455,"A2615YW1YERQBO"
"402","focus",1,695044,"A2615YW1YERQBO"
"403","blur",1,705622,"A2615YW1YERQBO"
"404","focus",1,728597,"A2615YW1YERQBO"
"405","fullscreenenter",2,742090,"A2615YW1YERQBO"
"406","blur",1180,2757507,"A2615YW1YERQBO"
"407","focus",1180,2757508,"A2615YW1YERQBO"
"408","blur",1180,2759203,"A2615YW1YERQBO"
"409","focus",1180,2759205,"A2615YW1YERQBO"
"410","blur",2,33794,"A2683ZVNWI119A"
"411","focus",2,38999,"A2683ZVNWI119A"
"412","fullscreenenter",2,41825,"A2683ZVNWI119A"
"413","fullscreenexit",108,1185415,"A2683ZVNWI119A"
"414","blur",108,1186050,"A2683ZVNWI119A"
"415","focus",108,1191742,"A2683ZVNWI119A"
"416","blur",150,1426650,"A2683ZVNWI119A"
"417","focus",150,1428938,"A2683ZVNWI119A"
"418","blur",160,1500265,"A2683ZVNWI119A"
"419","focus",160,1502080,"A2683ZVNWI119A"
"420","blur",160,1503034,"A2683ZVNWI119A"
"421","focus",160,1561195,"A2683ZVNWI119A"
"422","blur",201,1822290,"A2683ZVNWI119A"
"423","focus",201,1823852,"A2683ZVNWI119A"
"424","blur",233,1972826,"A2683ZVNWI119A"
"425","focus",233,1976194,"A2683ZVNWI119A"
"426","blur",267,2194921,"A2683ZVNWI119A"
"427","focus",267,2197248,"A2683ZVNWI119A"
"428","blur",267,2197889,"A2683ZVNWI119A"
"429","focus",267,2201179,"A2683ZVNWI119A"
"430","blur",666,2615041,"A2683ZVNWI119A"
"431","focus",666,2632905,"A2683ZVNWI119A"
"432","fullscreenenter",2,24174,"A26BQ33MHKVYFB"
"433","focus",0,88,"A289D98Z4GAZ28"
"434","blur",2,18316,"A289D98Z4GAZ28"
"435","focus",2,19551,"A289D98Z4GAZ28"
"436","fullscreenenter",2,20661,"A289D98Z4GAZ28"
"437","focus",0,1563,"A2AAFWAAS9C1QC"
"438","blur",2,25696,"A2AAFWAAS9C1QC"
"439","focus",2,30208,"A2AAFWAAS9C1QC"
"440","fullscreenenter",2,37904,"A2AAFWAAS9C1QC"
"441","blur",63,918047,"A2AAFWAAS9C1QC"
"442","focus",63,934086,"A2AAFWAAS9C1QC"
"443","blur",977,1867871,"A2AAFWAAS9C1QC"
"444","focus",977,1882159,"A2AAFWAAS9C1QC"
"445","blur",1029,2028463,"A2AAFWAAS9C1QC"
"446","focus",1029,2041567,"A2AAFWAAS9C1QC"
"447","blur",1136,2425657,"A2AAFWAAS9C1QC"
"448","focus",1136,2454965,"A2AAFWAAS9C1QC"
"449","fullscreenenter",2,73996,"A2M183CETUMR96"
"450","fullscreenenter",2,7501,"A2OVWCQ4B9AHFY"
"451","fullscreenexit",3,8650,"A2OVWCQ4B9AHFY"
"452","blur",16,67286,"A2OVWCQ4B9AHFY"
"453","focus",16,68700,"A2OVWCQ4B9AHFY"
"454","blur",16,70794,"A2OVWCQ4B9AHFY"
"455","focus",16,273565,"A2OVWCQ4B9AHFY"
"456","blur",59,333271,"A2OVWCQ4B9AHFY"
"457","focus",60,333688,"A2OVWCQ4B9AHFY"
"458","blur",61,334979,"A2OVWCQ4B9AHFY"
"459","focus",61,335976,"A2OVWCQ4B9AHFY"
"460","blur",63,337562,"A2OVWCQ4B9AHFY"
"461","focus",64,338950,"A2OVWCQ4B9AHFY"
"462","blur",73,349413,"A2OVWCQ4B9AHFY"
"463","focus",73,351637,"A2OVWCQ4B9AHFY"
"464","blur",189,489057,"A2OVWCQ4B9AHFY"
"465","focus",189,489123,"A2OVWCQ4B9AHFY"
"466","blur",197,857611,"A2OVWCQ4B9AHFY"
"467","focus",197,896480,"A2OVWCQ4B9AHFY"
"468","blur",197,896490,"A2OVWCQ4B9AHFY"
"469","focus",197,1305745,"A2OVWCQ4B9AHFY"
"470","blur",198,1345639,"A2OVWCQ4B9AHFY"
"471","focus",198,1346494,"A2OVWCQ4B9AHFY"
"472","blur",232,1704557,"A2OVWCQ4B9AHFY"
"473","focus",232,1705683,"A2OVWCQ4B9AHFY"
"474","blur",233,1729723,"A2OVWCQ4B9AHFY"
"475","focus",233,1738501,"A2OVWCQ4B9AHFY"
"476","blur",234,1748350,"A2OVWCQ4B9AHFY"
"477","focus",234,1750947,"A2OVWCQ4B9AHFY"
"478","blur",252,1952773,"A2OVWCQ4B9AHFY"
"479","focus",252,1953617,"A2OVWCQ4B9AHFY"
"480","blur",658,2347465,"A2OVWCQ4B9AHFY"
"481","focus",659,2348407,"A2OVWCQ4B9AHFY"
"482","blur",889,2517770,"A2OVWCQ4B9AHFY"
"483","focus",890,2518861,"A2OVWCQ4B9AHFY"
"484","blur",893,2520353,"A2OVWCQ4B9AHFY"
"485","focus",894,2521057,"A2OVWCQ4B9AHFY"
"486","blur",1069,2661226,"A2OVWCQ4B9AHFY"
"487","focus",1069,2675985,"A2OVWCQ4B9AHFY"
"488","blur",1226,3043590,"A2OVWCQ4B9AHFY"
"489","focus",1226,3070063,"A2OVWCQ4B9AHFY"
"490","blur",1245,3107450,"A2OVWCQ4B9AHFY"
"491","focus",1245,3115114,"A2OVWCQ4B9AHFY"
"492","blur",1247,3120723,"A2OVWCQ4B9AHFY"
"493","focus",1247,3194972,"A2OVWCQ4B9AHFY"
"494","blur",1247,3195208,"A2OVWCQ4B9AHFY"
"495","focus",1247,3195826,"A2OVWCQ4B9AHFY"
"496","fullscreenenter",2,28777,"A2WX434EAQOE29"
"497","blur",2,37265,"A35CHBMYRAXDNZ"
"498","focus",2,38574,"A35CHBMYRAXDNZ"
"499","blur",2,85711,"A35CHBMYRAXDNZ"
"500","focus",2,549203,"A35CHBMYRAXDNZ"
"501","fullscreenenter",2,551327,"A35CHBMYRAXDNZ"
"502","fullscreenexit",371,1587186,"A35CHBMYRAXDNZ"
"503","blur",371,1588657,"A35CHBMYRAXDNZ"
"504","focus",371,1914444,"A35CHBMYRAXDNZ"
"505","blur",371,1915348,"A35CHBMYRAXDNZ"
"506","focus",371,2088241,"A35CHBMYRAXDNZ"
"507","blur",394,2102889,"A35CHBMYRAXDNZ"
"508","focus",395,2165662,"A35CHBMYRAXDNZ"
"509","blur",398,2168941,"A35CHBMYRAXDNZ"
"510","focus",399,2195401,"A35CHBMYRAXDNZ"
"511","blur",407,2226494,"A35CHBMYRAXDNZ"
"512","focus",407,2229608,"A35CHBMYRAXDNZ"
"513","blur",407,2240493,"A35CHBMYRAXDNZ"
"514","focus",407,2546899,"A35CHBMYRAXDNZ"
"515","blur",407,2567809,"A35CHBMYRAXDNZ"
"516","focus",407,2719886,"A35CHBMYRAXDNZ"
"517","blur",407,2726974,"A35CHBMYRAXDNZ"
"518","focus",407,2842914,"A35CHBMYRAXDNZ"
"519","blur",457,2881050,"A35CHBMYRAXDNZ"
"520","focus",457,3020145,"A35CHBMYRAXDNZ"
"521","blur",473,3034298,"A35CHBMYRAXDNZ"
"522","focus",473,3102035,"A35CHBMYRAXDNZ"
"523","blur",565,3211206,"A35CHBMYRAXDNZ"
"524","focus",565,3311844,"A35CHBMYRAXDNZ"
"525","blur",565,3312786,"A35CHBMYRAXDNZ"
"526","focus",565,3317871,"A35CHBMYRAXDNZ"
"527","blur",865,4096274,"A35CHBMYRAXDNZ"
"528","focus",865,4099025,"A35CHBMYRAXDNZ"
"529","blur",1136,5220906,"A35CHBMYRAXDNZ"
"530","focus",1136,5230940,"A35CHBMYRAXDNZ"
"531","blur",1191,5305484,"A35CHBMYRAXDNZ"
"532","focus",1191,5306394,"A35CHBMYRAXDNZ"
"533","fullscreenenter",2,9466,"A3DUPRZSMU9W5R"
"534","fullscreenexit",3,11125,"A3DUPRZSMU9W5R"
"535","blur",523,1274461,"A3DUPRZSMU9W5R"
"536","focus",523,1275612,"A3DUPRZSMU9W5R"
"537","fullscreenenter",2,32663,"A12HZGOZQD5YK7"
"538","fullscreenenter",2,52328,"A19X8IA9EKC3XH"
"539","blur",3,57968,"A19X8IA9EKC3XH"
"540","focus",3,62813,"A19X8IA9EKC3XH"
"541","blur",8,168132,"A19X8IA9EKC3XH"
"542","focus",8,170859,"A19X8IA9EKC3XH"
"543","blur",9,181566,"A19X8IA9EKC3XH"
"544","focus",9,182125,"A19X8IA9EKC3XH"
"545","blur",28,441963,"A19X8IA9EKC3XH"
"546","focus",28,444059,"A19X8IA9EKC3XH"
"547","blur",46,711138,"A19X8IA9EKC3XH"
"548","focus",46,714251,"A19X8IA9EKC3XH"
"549","blur",63,992342,"A19X8IA9EKC3XH"
"550","focus",63,995953,"A19X8IA9EKC3XH"
"551","blur",192,1288576,"A19X8IA9EKC3XH"
"552","focus",192,1291352,"A19X8IA9EKC3XH"
"553","blur",287,1554140,"A19X8IA9EKC3XH"
"554","focus",288,1563766,"A19X8IA9EKC3XH"
"555","blur",453,1835287,"A19X8IA9EKC3XH"
"556","focus",453,1838699,"A19X8IA9EKC3XH"
"557","blur",784,2086006,"A19X8IA9EKC3XH"
"558","focus",784,2088849,"A19X8IA9EKC3XH"
"559","blur",1136,2374611,"A19X8IA9EKC3XH"
"560","focus",1136,2397631,"A19X8IA9EKC3XH"
"561","focus",0,1955,"A2NAKIXS3DVGAA"
"562","blur",1,7370,"A2NAKIXS3DVGAA"
"563","focus",1,14396,"A2NAKIXS3DVGAA"
"564","blur",2,16583,"A2NAKIXS3DVGAA"
"565","focus",2,17980,"A2NAKIXS3DVGAA"
"566","fullscreenenter",2,18026,"A2NAKIXS3DVGAA"
"567","blur",3,22172,"A2NAKIXS3DVGAA"
"568","focus",3,78446,"A2NAKIXS3DVGAA"
"569","blur",3,80712,"A2NAKIXS3DVGAA"
"570","focus",3,82651,"A2NAKIXS3DVGAA"
"571","blur",3,83721,"A2NAKIXS3DVGAA"
"572","focus",3,91341,"A2NAKIXS3DVGAA"
"573","blur",4,95369,"A2NAKIXS3DVGAA"
"574","focus",4,98330,"A2NAKIXS3DVGAA"
"575","blur",4,99206,"A2NAKIXS3DVGAA"
"576","focus",4,100440,"A2NAKIXS3DVGAA"
"577","blur",4,101736,"A2NAKIXS3DVGAA"
"578","focus",4,104523,"A2NAKIXS3DVGAA"
"579","blur",6,118199,"A2NAKIXS3DVGAA"
"580","focus",7,120601,"A2NAKIXS3DVGAA"
"581","blur",9,141132,"A2NAKIXS3DVGAA"
"582","focus",9,143498,"A2NAKIXS3DVGAA"
"583","blur",13,177194,"A2NAKIXS3DVGAA"
"584","focus",13,178184,"A2NAKIXS3DVGAA"
"585","blur",15,199720,"A2NAKIXS3DVGAA"
"586","focus",15,200520,"A2NAKIXS3DVGAA"
"587","blur",17,220392,"A2NAKIXS3DVGAA"
"588","focus",17,221318,"A2NAKIXS3DVGAA"
"589","blur",19,244616,"A2NAKIXS3DVGAA"
"590","focus",19,246071,"A2NAKIXS3DVGAA"
"591","blur",21,265062,"A2NAKIXS3DVGAA"
"592","focus",21,265816,"A2NAKIXS3DVGAA"
"593","blur",23,290565,"A2NAKIXS3DVGAA"
"594","focus",23,291962,"A2NAKIXS3DVGAA"
"595","blur",24,317312,"A2NAKIXS3DVGAA"
"596","focus",24,319578,"A2NAKIXS3DVGAA"
"597","blur",24,321279,"A2NAKIXS3DVGAA"
"598","focus",24,349086,"A2NAKIXS3DVGAA"
"599","blur",25,350997,"A2NAKIXS3DVGAA"
"600","focus",25,352166,"A2NAKIXS3DVGAA"
"601","blur",27,375812,"A2NAKIXS3DVGAA"
"602","focus",27,376504,"A2NAKIXS3DVGAA"
"603","blur",29,402966,"A2NAKIXS3DVGAA"
"604","focus",29,403700,"A2NAKIXS3DVGAA"
"605","blur",31,446981,"A2NAKIXS3DVGAA"
"606","focus",31,448150,"A2NAKIXS3DVGAA"
"607","blur",33,478565,"A2NAKIXS3DVGAA"
"608","focus",33,479479,"A2NAKIXS3DVGAA"
"609","blur",35,500019,"A2NAKIXS3DVGAA"
"610","focus",35,500999,"A2NAKIXS3DVGAA"
"611","blur",35,509878,"A2NAKIXS3DVGAA"
"612","focus",35,511959,"A2NAKIXS3DVGAA"
"613","blur",37,521540,"A2NAKIXS3DVGAA"
"614","focus",37,524407,"A2NAKIXS3DVGAA"
"615","blur",37,527064,"A2NAKIXS3DVGAA"
"616","focus",37,528787,"A2NAKIXS3DVGAA"
"617","blur",37,533235,"A2NAKIXS3DVGAA"
"618","focus",38,534610,"A2NAKIXS3DVGAA"
"619","blur",39,544235,"A2NAKIXS3DVGAA"
"620","focus",39,550516,"A2NAKIXS3DVGAA"
"621","blur",39,551301,"A2NAKIXS3DVGAA"
"622","focus",40,558851,"A2NAKIXS3DVGAA"
"623","blur",40,562531,"A2NAKIXS3DVGAA"
"624","focus",40,563988,"A2NAKIXS3DVGAA"
"625","blur",40,566340,"A2NAKIXS3DVGAA"
"626","focus",40,568466,"A2NAKIXS3DVGAA"
"627","blur",43,598370,"A2NAKIXS3DVGAA"
"628","focus",43,599637,"A2NAKIXS3DVGAA"
"629","blur",47,651238,"A2NAKIXS3DVGAA"
"630","focus",47,652931,"A2NAKIXS3DVGAA"
"631","blur",49,674467,"A2NAKIXS3DVGAA"
"632","focus",49,677300,"A2NAKIXS3DVGAA"
"633","blur",50,694667,"A2NAKIXS3DVGAA"
"634","focus",50,737786,"A2NAKIXS3DVGAA"
"635","blur",51,739472,"A2NAKIXS3DVGAA"
"636","focus",51,741263,"A2NAKIXS3DVGAA"
"637","blur",53,761491,"A2NAKIXS3DVGAA"
"638","focus",53,764848,"A2NAKIXS3DVGAA"
"639","blur",55,785201,"A2NAKIXS3DVGAA"
"640","focus",55,787440,"A2NAKIXS3DVGAA"
"641","blur",57,811040,"A2NAKIXS3DVGAA"
"642","focus",57,812367,"A2NAKIXS3DVGAA"
"643","blur",62,844386,"A2NAKIXS3DVGAA"
"644","focus",62,845329,"A2NAKIXS3DVGAA"
"645","blur",84,891711,"A2NAKIXS3DVGAA"
"646","focus",84,893171,"A2NAKIXS3DVGAA"
"647","blur",115,955794,"A2NAKIXS3DVGAA"
"648","focus",115,957105,"A2NAKIXS3DVGAA"
"649","blur",136,993360,"A2NAKIXS3DVGAA"
"650","focus",136,994575,"A2NAKIXS3DVGAA"
"651","blur",167,1057629,"A2NAKIXS3DVGAA"
"652","focus",167,1082273,"A2NAKIXS3DVGAA"
"653","blur",188,1120492,"A2NAKIXS3DVGAA"
"654","focus",188,1122099,"A2NAKIXS3DVGAA"
"655","blur",219,1193707,"A2NAKIXS3DVGAA"
"656","focus",219,1194669,"A2NAKIXS3DVGAA"
"657","blur",240,1241355,"A2NAKIXS3DVGAA"
"658","focus",240,1258305,"A2NAKIXS3DVGAA"
"659","blur",271,1329082,"A2NAKIXS3DVGAA"
"660","focus",271,1331373,"A2NAKIXS3DVGAA"
"661","blur",292,1383870,"A2NAKIXS3DVGAA"
"662","focus",292,1385208,"A2NAKIXS3DVGAA"
"663","blur",292,1396795,"A2NAKIXS3DVGAA"
"664","focus",292,1398200,"A2NAKIXS3DVGAA"
"665","blur",323,1467448,"A2NAKIXS3DVGAA"
"666","focus",323,1468666,"A2NAKIXS3DVGAA"
"667","blur",326,1476985,"A2NAKIXS3DVGAA"
"668","focus",326,1859626,"A2NAKIXS3DVGAA"
"669","blur",326,1861957,"A2NAKIXS3DVGAA"
"670","focus",326,1932521,"A2NAKIXS3DVGAA"
"671","blur",339,1973667,"A2NAKIXS3DVGAA"
"672","focus",339,1974706,"A2NAKIXS3DVGAA"
"673","blur",506,2172290,"A2NAKIXS3DVGAA"
"674","focus",507,2173539,"A2NAKIXS3DVGAA"
"675","blur",523,2194224,"A2NAKIXS3DVGAA"
"676","focus",523,2195520,"A2NAKIXS3DVGAA"
"677","blur",523,2209552,"A2NAKIXS3DVGAA"
"678","focus",523,2210512,"A2NAKIXS3DVGAA"
"679","blur",524,2218256,"A2NAKIXS3DVGAA"
"680","focus",524,2220930,"A2NAKIXS3DVGAA"
"681","blur",549,2242703,"A2NAKIXS3DVGAA"
"682","focus",550,2243539,"A2NAKIXS3DVGAA"
"683","blur",565,2253328,"A2NAKIXS3DVGAA"
"684","focus",566,2254303,"A2NAKIXS3DVGAA"
"685","blur",581,2263856,"A2NAKIXS3DVGAA"
"686","focus",582,2264645,"A2NAKIXS3DVGAA"
"687","blur",585,2266623,"A2NAKIXS3DVGAA"
"688","focus",586,2267942,"A2NAKIXS3DVGAA"
"689","blur",593,2271655,"A2NAKIXS3DVGAA"
"690","focus",594,2273128,"A2NAKIXS3DVGAA"
"691","blur",597,2275198,"A2NAKIXS3DVGAA"
"692","focus",598,2276345,"A2NAKIXS3DVGAA"
"693","blur",605,2280776,"A2NAKIXS3DVGAA"
"694","focus",606,2281721,"A2NAKIXS3DVGAA"
"695","blur",609,2283173,"A2NAKIXS3DVGAA"
"696","focus",610,2285271,"A2NAKIXS3DVGAA"
"697","blur",617,2290608,"A2NAKIXS3DVGAA"
"698","focus",618,2291941,"A2NAKIXS3DVGAA"
"699","blur",625,2296449,"A2NAKIXS3DVGAA"
"700","focus",626,2297833,"A2NAKIXS3DVGAA"
"701","blur",633,2301616,"A2NAKIXS3DVGAA"
"702","focus",634,2304057,"A2NAKIXS3DVGAA"
"703","blur",641,2308202,"A2NAKIXS3DVGAA"
"704","focus",642,2310263,"A2NAKIXS3DVGAA"
"705","blur",645,2311710,"A2NAKIXS3DVGAA"
"706","focus",646,2313410,"A2NAKIXS3DVGAA"
"707","blur",657,2320584,"A2NAKIXS3DVGAA"
"708","focus",658,2322584,"A2NAKIXS3DVGAA"
"709","blur",661,2323622,"A2NAKIXS3DVGAA"
"710","focus",662,2325242,"A2NAKIXS3DVGAA"
"711","blur",725,2369088,"A2NAKIXS3DVGAA"
"712","focus",725,2386034,"A2NAKIXS3DVGAA"
"713","blur",834,2457276,"A2NAKIXS3DVGAA"
"714","focus",835,2458591,"A2NAKIXS3DVGAA"
"715","blur",926,2517661,"A2NAKIXS3DVGAA"
"716","focus",926,2538985,"A2NAKIXS3DVGAA"
"717","blur",926,2540043,"A2NAKIXS3DVGAA"
"718","focus",926,2544250,"A2NAKIXS3DVGAA"
"719","blur",926,2545360,"A2NAKIXS3DVGAA"
"720","focus",926,2549062,"A2NAKIXS3DVGAA"
"721","blur",926,2550188,"A2NAKIXS3DVGAA"
"722","focus",926,2565178,"A2NAKIXS3DVGAA"
"723","blur",926,2565959,"A2NAKIXS3DVGAA"
"724","focus",926,2601553,"A2NAKIXS3DVGAA"
"725","blur",1004,2676251,"A2NAKIXS3DVGAA"
"726","focus",1005,2676700,"A2NAKIXS3DVGAA"
"727","blur",1008,2678553,"A2NAKIXS3DVGAA"
"728","focus",1009,2679356,"A2NAKIXS3DVGAA"
"729","blur",1100,2743658,"A2NAKIXS3DVGAA"
"730","focus",1101,2744501,"A2NAKIXS3DVGAA"
"731","blur",1169,2792608,"A2NAKIXS3DVGAA"
"732","focus",1170,2793371,"A2NAKIXS3DVGAA"
"733","blur",1269,2859392,"A2NAKIXS3DVGAA"
"734","focus",1270,2860243,"A2NAKIXS3DVGAA"
"735","blur",1329,2902087,"A2NAKIXS3DVGAA"
"736","focus",1329,2906621,"A2NAKIXS3DVGAA"
"737","blur",1,5923,"A341XKSRZ58FJK"
"738","focus",1,12205,"A341XKSRZ58FJK"
"739","blur",1,13377,"A341XKSRZ58FJK"
"740","focus",1,14029,"A341XKSRZ58FJK"
"741","fullscreenenter",2,22016,"A341XKSRZ58FJK"
"742","blur",1128,2089517,"A341XKSRZ58FJK"
"743","focus",1128,2091581,"A341XKSRZ58FJK"
"744","focus",0,949,"A38OPVI04AH4JG"
"745","blur",0,2518,"A38OPVI04AH4JG"
"746","focus",1,83218,"A38OPVI04AH4JG"
"747","blur",1,92589,"A38OPVI04AH4JG"
"748","focus",1,94142,"A38OPVI04AH4JG"
"749","fullscreenenter",2,97964,"A38OPVI04AH4JG"
"750","focus",0,943,"A3I40B0FATY8VH"
"751","fullscreenenter",2,8368,"A3I40B0FATY8VH"
"752","fullscreenexit",1313,1863006,"A3I40B0FATY8VH"
"753","blur",1323,1964196,"A3I40B0FATY8VH"
"754","focus",1323,1984555,"A3I40B0FATY8VH"
"755","fullscreenenter",2,13581,"A3T01NM4993LZE"
"756","blur",214,362193,"A3T01NM4993LZE"
"757","focus",214,363309,"A3T01NM4993LZE"
"758","blur",1174,1729928,"A3T01NM4993LZE"
"759","focus",1174,1730872,"A3T01NM4993LZE"
"760","fullscreenenter",2,18809,"AB09F0Q4T10TE"
"761","fullscreenexit",2,19531,"AB09F0Q4T10TE"
"762","blur",274,799852,"AB09F0Q4T10TE"
"763","focus",274,841197,"AB09F0Q4T10TE"
"764","blur",274,842357,"AB09F0Q4T10TE"
"765","focus",274,849825,"AB09F0Q4T10TE"
"766","blur",305,1070171,"AB09F0Q4T10TE"
"767","focus",305,1141997,"AB09F0Q4T10TE"
"768","blur",305,1158984,"AB09F0Q4T10TE"
"769","focus",305,1167350,"AB09F0Q4T10TE"
"770","blur",326,1385871,"AB09F0Q4T10TE"
"771","focus",326,1397798,"AB09F0Q4T10TE"
"772","blur",327,1405120,"AB09F0Q4T10TE"
"773","focus",327,1406346,"AB09F0Q4T10TE"
"774","blur",409,1721627,"AB09F0Q4T10TE"
"775","focus",409,1739080,"AB09F0Q4T10TE"
"776","blur",471,2137077,"AB09F0Q4T10TE"
"777","focus",471,2138449,"AB09F0Q4T10TE"
"778","blur",478,2218260,"AB09F0Q4T10TE"
"779","focus",479,2229361,"AB09F0Q4T10TE"
"780","blur",480,2237637,"AB09F0Q4T10TE"
"781","focus",481,2251348,"AB09F0Q4T10TE"
"782","blur",488,2338246,"AB09F0Q4T10TE"
"783","focus",489,2351994,"AB09F0Q4T10TE"
"784","blur",490,2359547,"AB09F0Q4T10TE"
"785","focus",491,2373510,"AB09F0Q4T10TE"
"786","blur",494,2408350,"AB09F0Q4T10TE"
"787","focus",495,2422041,"AB09F0Q4T10TE"
"788","blur",496,2430277,"AB09F0Q4T10TE"
"789","focus",497,2443592,"AB09F0Q4T10TE"
"790","blur",498,2451792,"AB09F0Q4T10TE"
"791","focus",499,2464663,"AB09F0Q4T10TE"
"792","blur",508,2579544,"AB09F0Q4T10TE"
"793","focus",509,2593480,"AB09F0Q4T10TE"
"794","blur",510,2601311,"AB09F0Q4T10TE"
"795","focus",511,2613983,"AB09F0Q4T10TE"
"796","blur",512,2626356,"AB09F0Q4T10TE"
"797","focus",513,2639404,"AB09F0Q4T10TE"
"798","blur",513,2654058,"AB09F0Q4T10TE"
"799","focus",513,2656288,"AB09F0Q4T10TE"
"800","blur",514,2664058,"AB09F0Q4T10TE"
"801","focus",515,2676875,"AB09F0Q4T10TE"
"802","blur",516,2684918,"AB09F0Q4T10TE"
"803","focus",517,2698428,"AB09F0Q4T10TE"
"804","blur",518,2705470,"AB09F0Q4T10TE"
"805","focus",519,2719132,"AB09F0Q4T10TE"
"806","fullscreenenter",2,18489,"AIA7RZSAONU5M"
"807","fullscreenenter",2,23691,"AN4P0SU1YSPF2"
"808","blur",212,781924,"AN4P0SU1YSPF2"
"809","focus",212,819750,"AN4P0SU1YSPF2"
"810","blur",1114,4106070,"AN4P0SU1YSPF2"
"811","focus",1114,4817757,"AN4P0SU1YSPF2"
"812","blur",1119,4882852,"AN4P0SU1YSPF2"
"813","focus",1120,4896621,"AN4P0SU1YSPF2"
"814","fullscreenexit",1136,5078770,"AN4P0SU1YSPF2"
"815","blur",1136,5080817,"AN4P0SU1YSPF2"
"816","focus",1136,5083467,"AN4P0SU1YSPF2"
"817","blur",1136,5110685,"AN4P0SU1YSPF2"
"818","focus",1136,5196828,"AN4P0SU1YSPF2"
"819","blur",1136,5197882,"AN4P0SU1YSPF2"
"820","focus",1136,5198971,"AN4P0SU1YSPF2"
"821","blur",1136,5198978,"AN4P0SU1YSPF2"
"822","focus",1136,8083403,"AN4P0SU1YSPF2"
"823","blur",1136,8083403,"AN4P0SU1YSPF2"
"824","focus",1136,8091774,"AN4P0SU1YSPF2"
"825","focus",0,526,"AXPZAP62ZYWP8"
"826","blur",0,1207,"AXPZAP62ZYWP8"
"827","focus",1,7434,"AXPZAP62ZYWP8"
"828","fullscreenenter",2,10718,"AXPZAP62ZYWP8"
"829","fullscreenenter",2,25098,"A2RRK8SV0VBLTJ"
"830","fullscreenenter",2,16103,"A34LSCB90T5KYE"
"831","focus",0,3429,"A38ZV8LBZ034IZ"
"832","fullscreenenter",2,10541,"A38ZV8LBZ034IZ"
"833","fullscreenexit",205,203697,"A38ZV8LBZ034IZ"
"834","blur",205,205619,"A38ZV8LBZ034IZ"
"835","focus",205,527494,"A38ZV8LBZ034IZ"
"836","blur",205,948330,"A38ZV8LBZ034IZ"
"837","focus",205,950770,"A38ZV8LBZ034IZ"
"838","blur",872,2125628,"A38ZV8LBZ034IZ"
"839","focus",872,2127097,"A38ZV8LBZ034IZ"
"840","fullscreenenter",2,21449,"AMELYCC59JKB0"
"841","focus",0,12523,"AT6OT5K5Z4V0J"
"842","blur",1,23310,"AT6OT5K5Z4V0J"
"843","focus",1,27501,"AT6OT5K5Z4V0J"
"844","blur",2,81237,"AT6OT5K5Z4V0J"
"845","focus",2,85040,"AT6OT5K5Z4V0J"
"846","fullscreenenter",2,86905,"AT6OT5K5Z4V0J"
"847","blur",3,93999,"AT6OT5K5Z4V0J"
"848","focus",3,99299,"AT6OT5K5Z4V0J"
"849","blur",267,913084,"AT6OT5K5Z4V0J"
"850","focus",267,919728,"AT6OT5K5Z4V0J"
"851","blur",464,1233655,"AT6OT5K5Z4V0J"
"852","focus",464,1238722,"AT6OT5K5Z4V0J"
"853","blur",481,1511294,"AT6OT5K5Z4V0J"
"854","focus",481,1511295,"AT6OT5K5Z4V0J"
"855","blur",481,1511534,"AT6OT5K5Z4V0J"
"856","focus",481,1511536,"AT6OT5K5Z4V0J"
"857","blur",481,1511758,"AT6OT5K5Z4V0J"
"858","focus",481,1511760,"AT6OT5K5Z4V0J"
"859","blur",481,1511989,"AT6OT5K5Z4V0J"
"860","focus",481,1511991,"AT6OT5K5Z4V0J"
"861","blur",523,2310909,"AT6OT5K5Z4V0J"
"862","focus",523,2315342,"AT6OT5K5Z4V0J"
"863","blur",524,2339849,"AT6OT5K5Z4V0J"
"864","focus",524,2344065,"AT6OT5K5Z4V0J"
"865","blur",927,2688581,"AT6OT5K5Z4V0J"
"866","focus",927,2694264,"AT6OT5K5Z4V0J"
"867","fullscreenenter",2,61649,"AWAW665TQQP2F"
"868","fullscreenenter",2,15092,"ARWF605I7RWM7"
"869","fullscreenexit",264,939620,"ARWF605I7RWM7"
"870","blur",264,939916,"ARWF605I7RWM7"
"871","focus",264,940772,"ARWF605I7RWM7"
"872","blur",264,943133,"ARWF605I7RWM7"
"873","focus",264,1030689,"ARWF605I7RWM7"
"874","blur",264,1032031,"ARWF605I7RWM7"
"875","focus",264,1032695,"ARWF605I7RWM7"
"876","blur",465,1167803,"ARWF605I7RWM7"
"877","focus",465,1168798,"ARWF605I7RWM7"
"878","blur",872,1450125,"ARWF605I7RWM7"
"879","focus",872,1462991,"ARWF605I7RWM7"
"880","blur",925,1624865,"ARWF605I7RWM7"
"881","focus",925,1663250,"ARWF605I7RWM7"
"882","blur",957,1761039,"ARWF605I7RWM7"
"883","focus",957,1761982,"ARWF605I7RWM7"
"884","blur",978,1844093,"ARWF605I7RWM7"
"885","focus",978,1847998,"ARWF605I7RWM7"
"886","blur",1045,2039991,"ARWF605I7RWM7"
"887","focus",1045,2040609,"ARWF605I7RWM7"
"888","blur",1091,2202493,"ARWF605I7RWM7"
"889","focus",1092,2206903,"ARWF605I7RWM7"
"890","blur",1098,2230073,"ARWF605I7RWM7"
"891","focus",1098,2230289,"ARWF605I7RWM7"
"892","fullscreenenter",2,7225,"77837"
"893","fullscreenexit",5,23839,"77837"
"894","blur",5,23842,"77837"
"895","focus",5,30027,"77837"
"896","blur",5,46402,"77837"
"897","focus",5,47287,"77837"
"898","blur",50,600386,"77837"
"899","focus",50,601153,"77837"
"900","fullscreenenter",2,30447,"78304"
"901","fullscreenenter",2,26366,"80623"
"902","blur",1105,1376039,"80623"
"903","fullscreenexit",1105,1383082,"80623"
"904","focus",1105,1383128,"80623"
"905","focus",0,2,"77866"
"906","fullscreenenter",2,49812,"77866"
"907","blur",2,59718,"78099"
"908","focus",2,63408,"78099"
"909","fullscreenenter",2,65203,"78099"
"910","fullscreenexit",160,795950,"78099"
"911","blur",160,806958,"78099"
"912","focus",160,810565,"78099"
"913","blur",872,1841980,"78099"
"914","focus",872,1867813,"78099"
"915","blur",872,1873220,"78099"
"916","focus",872,2497231,"78099"
"917","blur",1073,2637576,"78099"
"918","focus",1073,2639419,"78099"
"919","blur",1073,2645028,"78099"
"920","focus",1073,2887993,"78099"
"921","blur",1073,2891202,"78099"
"922","focus",1073,2891936,"78099"
"923","blur",1073,2891941,"78099"
"924","focus",1073,2893822,"78099"
"925","blur",1073,2893824,"78099"
"926","focus",1073,13848009,"78099"
"927","blur",1,24559,"79178"
"928","focus",1,1030396,"79178"
"929","fullscreenenter",2,1037270,"79178"
"930","fullscreenexit",205,1202681,"79178"
"931","blur",205,1203960,"79178"
"932","focus",205,1259160,"79178"
"933","blur",205,1389459,"79178"
"934","focus",205,1863394,"79178"
"935","blur",205,2005938,"79178"
"936","focus",205,2014804,"79178"
"937","blur",205,2145561,"79178"
"938","focus",205,2198079,"79178"
"939","blur",205,2215898,"79178"
"940","focus",205,2237344,"79178"
"941","blur",205,2264876,"79178"
"942","focus",205,2300677,"79178"
"943","blur",608,2592552,"79178"
"944","focus",608,2704581,"79178"
"945","blur",809,2969640,"79178"
"946","focus",809,2970065,"79178"
"947","blur",872,3874577,"79178"
"948","focus",872,41726375,"79178"
"949","blur",872,41754556,"79178"
"950","focus",872,41760430,"79178"
"951","blur",1278,42741892,"79178"
"952","focus",1278,43540162,"79178"
"953","blur",1278,43541823,"79178"
"954","focus",1278,53519180,"79178"
"955","blur",1278,53625922,"79178"
"956","focus",1278,53987957,"79178"
"957","blur",1278,53991399,"79178"
"958","focus",1278,55510825,"79178"
"959","blur",1,28488,"79188"
"960","focus",1,33904,"79188"
"961","fullscreenenter",2,48330,"79188"
"962","blur",1,10386,"78471"
"963","focus",1,11621,"78471"
"964","fullscreenenter",2,32727,"78471"
"965","fullscreenenter",2,8590,"79171"
"966","blur",809,659646,"79171"
"967","focus",809,673140,"79171"
"968","blur",1138,1275445,"79171"
"969","focus",1138,1278738,"79171"
"970","blur",2,46395,"78315"
"971","focus",2,46397,"78315"
"972","blur",2,46398,"78315"
"973","fullscreenenter",2,46424,"78315"
"974","focus",2,46660,"78315"
"975","fullscreenexit",5,82680,"78315"
"976","blur",725,1914455,"78315"
"977","focus",725,2030859,"78315"
"978","focus",725,2030859,"78315"
"979","blur",0,597,"78422"
"980","focus",1,4820,"78422"
"981","focus",1,4820,"78422"
"982","focus",0,2,"79548"
"983","fullscreenenter",2,28817,"79548"
"984","fullscreenenter",2,9560,"79914"
"985","fullscreenenter",2,131281,"77593"
"986","fullscreenenter",2,9519,"77609"
"987","fullscreenenter",2,29377,"77763"
"988","focus",0,1583,"78010"
"989","focus",0,1584,"78010"
"990","fullscreenenter",2,25814,"78010"
"991","blur",2,44767,"78053"
"992","focus",2,44769,"78053"
"993","blur",2,44771,"78053"
"994","fullscreenenter",2,44778,"78053"
"995","focus",2,45001,"78053"
"996","fullscreenexit",198,470510,"78053"
"997","blur",198,471742,"78053"
"998","focus",198,473025,"78053"
"999","blur",1329,2974646,"78053"
"1000","focus",1329,3335266,"78053"
"1001","focus",1329,3335266,"78053"
"1002","blur",1329,3337494,"78053"
"1003","focus",1329,3371985,"78053"
"1004","focus",1329,3371985,"78053"
"1005","fullscreenenter",2,34739,"78391"
"1006","fullscreenenter",2,31298,"78478"
"1007","blur",129,852793,"78478"
"1008","focus",129,870590,"78478"
"1009","blur",730,2619049,"78478"
"1010","focus",730,10919758,"78478"
"1011","fullscreenexit",730,10924313,"78478"
"1012","blur",730,10926716,"78478"
"1013","focus",730,10934993,"78478"
"1014","blur",730,10938813,"78478"
"1015","focus",730,12767536,"78478"
"1016","focus",730,12767537,"78478"
"1017","fullscreenenter",2,18118,"79167"
"1018","blur",1321,2361441,"79167"
"1019","focus",1321,2361715,"79167"
"1020","focus",1321,2361715,"79167"
"1021","blur",1,16202,"79580"
"1022","focus",1,16899,"79580"
"1023","fullscreenenter",2,28474,"79580"
"1024","fullscreenenter",2,9560,"79914"
"1025","fullscreenenter",2,11810,"79970"
"1026","fullscreenenter",2,43397,"80050"
"1027","fullscreenenter",2,41063,"80446"
"1028","blur",259,1259356,"80446"
"1029","focus",259,1353212,"80446"
"1030","fullscreenenter",2,11605,"77543"
"1031","fullscreenenter",2,26032,"77815"
"1032","fullscreenenter",2,11418,"79058"
"1033","blur",77,225858,"79058"
"1034","focus",77,284147,"79058"
"1035","blur",267,801765,"79058"
"1036","focus",267,2069123,"79058"
"1037","fullscreenexit",267,2090709,"79058"
"1038","blur",267,2092188,"79058"
"1039","focus",267,2156857,"79058"
"1040","blur",872,3282555,"79058"
"1041","focus",872,3283679,"79058"
"1042","blur",1077,3640100,"79058"
"1043","focus",1077,3651551,"79058"
"1044","blur",1077,4121024,"79058"
"1045","focus",1077,4330327,"79058"
"1046","blur",2,67283,"79437"
"1047","focus",2,67284,"79437"
"1048","blur",2,67285,"79437"
"1049","fullscreenenter",2,67297,"79437"
"1050","focus",2,67531,"79437"
"1051","fullscreenexit",811,810524,"79437"
"1052","fullscreenenter",2,5118,"78010"
"1053","blur",1021,1311096,"78010"
"1054","focus",1021,1312633,"78010"
"1055","fullscreenexit",1074,2219952,"78010"
"1056","fullscreenenter",2,10275,"78422"
"1057","blur",9,57075,"78422"
"1058","focus",9,57150,"78422"
"1059","fullscreenenter",2,17608,"78938"
"1060","fullscreenenter",2,11418,"79058"
"1061","blur",77,225858,"79058"
"1062","focus",77,284147,"79058"
"1063","blur",267,801765,"79058"
"1064","focus",267,2069123,"79058"
"1065","fullscreenexit",267,2090709,"79058"
"1066","blur",267,2092188,"79058"
"1067","focus",267,2156857,"79058"
"1068","blur",872,3282555,"79058"
"1069","focus",872,3283679,"79058"
"1070","blur",1077,3640100,"79058"
"1071","focus",1077,3651551,"79058"
"1072","blur",1077,4121024,"79058"
"1073","focus",1077,4330327,"79058"
"1074","blur",2,22629,"79390"
"1075","focus",2,23838,"79390"
"1076","fullscreenenter",2,25471,"79390"
"1077","blur",1128,2581849,"79390"
"1078","focus",1128,3817169,"79390"
"1079","blur",1128,3819366,"79390"
"1080","focus",1128,3869367,"79390"
"1081","fullscreenenter",2,6005,"79171"
"1082","focus",0,596,"80016"
"1083","fullscreenenter",2,11143,"80016"
"1084","blur",1136,2482004,"80016"
"1085","focus",1136,2482844,"80016"
